01,Jane,Lane,07911094249,Jane.Lane@outlook.com,A21
02,Dustin,Richard,07318001411,Dustin.Richard@gmail.com,A22
03,Stacy,Arnold,07326914788,Stacy.Arnold@yahoo.co.uk,A23
04,Isla,Day,07911818457,Isla.Day@outlook.com,A24
05,Wade,Duffy,07959121057,Wade.Duffy@gmail.com,A25
06,Athena,Hartman,07457779836,Athena.Hartman@icloud.com,A26
07,Karlie,Mullen,07700010026,Karlie.Mullen@gmail.com,A27
08,Crystal,Harrison,07507292288,Crystal.Harrison@gmail.com,A28
09,Milagros,Cole,07332954371,Milagros.Cole@gmail.com,A29
10,Jordin,Kennedy,07457202964,Jordin.Kennedy@icloud.com,A30
11,Pedro,Shelton,07911035876,Pedro.Shelton@outlook.com,A31
12,Carleigh,Mueller,07700086630,Carleigh.Mueller@icloud.com,A32
13,Kyan,Bennett,07911861873,Kyan.Bennett@yahoo.co.uk,A33
14,Mariah,Levy,07206163802,Mariah.Levy@outlook.com,A34
15,Simeon,Chase,07552759226,Simeon.Chase@outlook.com,A35
16,Nora,Francis,07700045830,Nora.Francis@icloud.com,A36
17,Carlo,Walton,07790210141,Carlo.Walton@gmail.com,A37
18,Karson,Mooney,07911808354,Karson.Mooney@gmail.com,A38
19,Caleb,Bennett,07700165524,Caleb.Bennett@icloud.com,A39
20,Reyna,Carter,07911047363,Reyna.Carter@icloud.com,A40
21,Marcus,Barrett,07457548712,Marcus.Barrett@icloud.com,A41
22,Luka,Cisneros,07700178108,Luka.Cisneros@outlook.com,A42
23,Aniyah,Floyd,07911892084,Aniyah.Floyd@outlook.com,A43
24,Leia,Montgomery,07191930368,Leia.Montgomery@icloud.com,A44
25,Valeria,Conner,07911024794,Valeria.Conner@gmail.com,A45
26,Ryann,Sanders,07700145804,Ryann.Sanders@gmail.com,A46
27,Brooks,Lowery,07700079153,Brooks.Lowery@outlook.com,A47
28,Tommy,Ramsey,07700077222,Tommy.Ramsey@icloud.com,A48
29,Elisabeth,Hicks,07911009248,Elisabeth.Hicks@outlook.com,A49
30,Moises,Bond,07700059762,Moises.Bond@gmail.com,A50
31,Jaiden,Gallagher,07706853434,Jaiden.Gallagher@icloud.com,A51
32,Carly,Cline,07911055440,Carly.Cline@outlook.com,A52
33,Marley,Sloan,07911224018,Marley.Sloan@icloud.com,A53
34,Aldo,Pennington,07911235118,Aldo.Pennington@outlook.com,A54
35,Andrew,Bray,07911001448,Andrew.Bray@yahoo.co.uk,A55
36,Donavan,Mosley,07417087818,Donavan.Mosley@icloud.com,A56
37,Dashawn,Howard,07452739653,Dashawn.Howard@yahoo.co.uk,A57
38,Maddox,York,07372995575,Maddox.York@icloud.com,A58
39,Johan,Graham,07911283703,Johan.Graham@outlook.com,A59
40,Saniya,Phelps,07594239628,Saniya.Phelps@outlook.com,A60
41,Zane,Marks,07109106962,Zane.Marks@icloud.com,A61
42,Gavyn,Roman,07457970719,Gavyn.Roman@gmail.com,A62
43,Kamryn,Hartman,07224895928,Kamryn.Hartman@yahoo.co.uk,A63
44,Lorelei,Irwin,07911847445,Lorelei.Irwin@yahoo.co.uk,A64
45,Kendal,Bray,07700063208,Kendal.Bray@icloud.com,A65
46,Kenzie,Archer,07455036737,Kenzie.Archer@icloud.com,A66
47,London,Shaffer,07911010985,London.Shaffer@outlook.com,A67
48,Isiah,Leach,07306441617,Isiah.Leach@gmail.com,A68